timestamp,mac_id,channel,parameter,unit
2025-07-31 08:38:11,0013A200424DBDB9,0,61.29,A
2025-07-31 08:38:11,0013A200424DBDB9,1,22.51,A
2025-07-31 08:38:11,0013A200424DBDB9,7,2.92,V
2025-07-31 08:39:16,0013A200424DBDB9,0,60.81,A
2025-07-31 08:39:16,0013A200424DBDB9,1,22.26,A
2025-07-31 08:39:16,0013A200424DBDB9,7,2.92,V
2025-07-31 08:40:21,0013A200424DBDB9,0,61.29,A
2025-07-31 08:40:21,0013A200424DBDB9,1,22.64,A
2025-07-31 08:40:21,0013A200424DBDB9,7,2.92,V
2025-07-31 08:41:26,0013A200424DBDB9,0,61.13,A
2025-07-31 08:41:26,0013A200424DBDB9,1,22.45,A
2025-07-31 08:41:26,0013A200424DBDB9,7,2.91,V
2025-07-31 08:42:31,0013A200424DBDB9,0,61.61,A
2025-07-31 08:42:31,0013A200424DBDB9,1,22.77,A
2025-07-31 08:42:31,0013A200424DBDB9,7,2.91,V
2025-07-31 08:43:36,0013A200424DBDB9,0,61.77,A
2025-07-31 08:43:36,0013A200424DBDB9,1,22.84,A
2025-07-31 08:43:36,0013A200424DBDB9,7,2.92,V
2025-07-31 08:44:41,0013A200424DBDB9,0,60.65,A
2025-07-31 08:44:41,0013A200424DBDB9,1,22.32,A
2025-07-31 08:44:41,0013A200424DBDB9,7,2.92,V
2025-07-31 08:45:46,0013A200424DBDB9,0,61.77,A
2025-07-31 08:45:46,0013A200424DBDB9,1,22.9,A
2025-07-31 08:45:46,0013A200424DBDB9,7,2.92,V
2025-07-31 08:49:00,0013A200424DBDB9,0,61.29,A
2025-07-31 08:49:01,0013A200424DBDB9,1,22.77,A
2025-07-31 08:49:01,0013A200424DBDB9,7,2.92,V
2025-07-31 08:50:05,0013A200424DBDB9,0,61.61,A
2025-07-31 08:50:05,0013A200424DBDB9,1,22.77,A
2025-07-31 08:50:06,0013A200424DBDB9,7,2.91,V
2025-07-31 08:51:10,0013A200424DBDB9,0,61.94,A
2025-07-31 08:51:10,0013A200424DBDB9,1,22.9,A
2025-07-31 08:51:11,0013A200424DBDB9,7,2.92,V
2025-07-31 08:52:15,0013A200424DBDB9,0,60.65,A
2025-07-31 08:52:15,0013A200424DBDB9,1,22.32,A
2025-07-31 08:52:15,0013A200424DBDB9,7,2.92,V
2025-07-31 08:53:20,0013A200424DBDB9,0,61.77,A
2025-07-31 08:53:20,0013A200424DBDB9,1,22.84,A
2025-07-31 08:53:20,0013A200424DBDB9,7,2.92,V
2025-07-31 08:54:25,0013A200424DBDB9,0,61.45,A
2025-07-31 08:54:25,0013A200424DBDB9,1,21.22,A
2025-07-31 08:54:25,0013A200424DBDB9,7,2.92,V
2025-07-31 08:55:30,0013A200424DBDB9,0,60.81,A
2025-07-31 08:55:30,0013A200424DBDB9,1,20.64,A
2025-07-31 08:55:30,0013A200424DBDB9,7,2.91,V
2025-07-31 08:56:35,0013A200424DBDB9,0,61.13,A
2025-07-31 08:56:35,0013A200424DBDB9,1,20.71,A
2025-07-31 08:56:35,0013A200424DBDB9,7,2.92,V
2025-07-31 08:57:40,0013A200424DBDB9,0,61.77,A
2025-07-31 08:57:40,0013A200424DBDB9,1,20.97,A
2025-07-31 08:57:40,0013A200424DBDB9,7,2.92,V
2025-07-31 08:59:50,0013A200424DBDB9,0,61.77,A
2025-07-31 08:59:50,0013A200424DBDB9,1,20.97,A
2025-07-31 08:59:50,0013A200424DBDB9,7,2.92,V
2025-07-31 09:00:55,0013A200424DBDB9,0,60.65,A
2025-07-31 09:00:55,0013A200424DBDB9,1,20.39,A
2025-07-31 09:00:55,0013A200424DBDB9,7,2.92,V
2025-07-31 09:02:00,0013A200424DBDB9,0,60.65,A
2025-07-31 09:02:00,0013A200424DBDB9,1,20.39,A
2025-07-31 09:02:00,0013A200424DBDB9,7,2.92,V
2025-07-31 09:03:05,0013A200424DBDB9,0,60.65,A
2025-07-31 09:03:05,0013A200424DBDB9,1,20.39,A
2025-07-31 09:03:05,0013A200424DBDB9,7,2.91,V
2025-07-31 09:04:10,0013A200424DBDB9,0,60.65,A
2025-07-31 09:04:10,0013A200424DBDB9,1,20.45,A
2025-07-31 09:04:10,0013A200424DBDB9,7,2.92,V
2025-07-31 09:12:49,0013A200424DBDB9,0,60.97,A
2025-07-31 09:12:49,0013A200424DBDB9,1,20.51,A
2025-07-31 09:12:49,0013A200424DBDB9,7,2.91,V
2025-07-31 09:13:54,0013A200424DBDB9,0,61.94,A
2025-07-31 09:13:54,0013A200424DBDB9,1,21.09,A
2025-07-31 09:13:54,0013A200424DBDB9,7,2.92,V
2025-07-31 09:14:59,0013A200424DBDB9,0,61.29,A
2025-07-31 09:14:59,0013A200424DBDB9,1,20.9,A
2025-07-31 09:14:59,0013A200424DBDB9,7,2.91,V
2025-07-31 09:16:04,0013A200424DBDB9,0,61.61,A
2025-07-31 09:16:04,0013A200424DBDB9,1,20.97,A
2025-07-31 09:16:04,0013A200424DBDB9,7,2.92,V
2025-07-31 09:17:09,0013A200424DBDB9,0,60.81,A
2025-07-31 09:17:09,0013A200424DBDB9,1,20.64,A
2025-07-31 09:17:09,0013A200424DBDB9,7,2.92,V
2025-07-31 09:18:14,0013A200424DBDB9,0,61.94,A
2025-07-31 09:18:14,0013A200424DBDB9,1,21.03,A
2025-07-31 09:18:14,0013A200424DBDB9,7,2.92,V
2025-07-31 09:19:19,0013A200424DBDB9,0,61.29,A
2025-07-31 09:19:19,0013A200424DBDB9,1,20.71,A
2025-07-31 09:19:19,0013A200424DBDB9,7,2.92,V
2025-07-31 09:20:24,0013A200424DBDB9,0,61.61,A
2025-07-31 09:20:24,0013A200424DBDB9,1,20.9,A
2025-07-31 09:20:24,0013A200424DBDB9,7,2.92,V
2025-07-31 09:25:48,0013A200424DBDB9,0,61.29,A
2025-07-31 09:25:49,0013A200424DBDB9,1,20.84,A
2025-07-31 09:25:49,0013A200424DBDB9,7,2.92,V
2025-07-31 09:26:53,0013A200424DBDB9,0,62.74,A
2025-07-31 09:26:53,0013A200424DBDB9,1,21.55,A
2025-07-31 09:26:53,0013A200424DBDB9,7,2.91,V
2025-07-31 09:27:58,0013A200424DBDB9,0,62.42,A
2025-07-31 09:27:58,0013A200424DBDB9,1,21.48,A
2025-07-31 09:27:58,0013A200424DBDB9,7,2.92,V
2025-07-31 09:29:03,0013A200424DBDB9,0,60.81,A
2025-07-31 09:29:03,0013A200424DBDB9,1,20.51,A
2025-07-31 09:29:03,0013A200424DBDB9,7,2.92,V
2025-07-31 09:30:08,0013A200424DBDB9,0,61.29,A
2025-07-31 09:30:08,0013A200424DBDB9,1,20.64,A
2025-07-31 09:30:08,0013A200424DBDB9,7,2.91,V
2025-07-31 09:31:13,0013A200424DBDB9,0,61.77,A
2025-07-31 09:31:13,0013A200424DBDB9,1,20.97,A
2025-07-31 09:31:13,0013A200424DBDB9,7,2.92,V
2025-07-31 09:32:18,0013A200424DBDB9,0,60.65,A
2025-07-31 09:32:18,0013A200424DBDB9,1,20.39,A
2025-07-31 09:32:18,0013A200424DBDB9,7,2.92,V
2025-07-31 09:33:23,0013A200424DBDB9,0,64.35,A
2025-07-31 09:33:23,0013A200424DBDB9,1,22.26,A
2025-07-31 09:33:23,0013A200424DBDB9,7,2.91,V
2025-07-31 09:34:28,0013A200424DBDB9,0,60.81,A
2025-07-31 09:34:28,0013A200424DBDB9,1,20.58,A
2025-07-31 09:34:28,0013A200424DBDB9,7,2.92,V
2025-07-31 09:35:33,0013A200424DBDB9,0,62.26,A
2025-07-31 09:35:33,0013A200424DBDB9,1,21.29,A
2025-07-31 09:35:33,0013A200424DBDB9,7,2.92,V
2025-07-31 09:36:38,0013A200424DBDB9,0,62.26,A
2025-07-31 09:36:38,0013A200424DBDB9,1,21.35,A
2025-07-31 09:36:38,0013A200424DBDB9,7,2.91,V
2025-07-31 09:37:42,0013A200424DBDB9,0,62.26,A
2025-07-31 09:37:43,0013A200424DBDB9,1,21.35,A
2025-07-31 09:37:43,0013A200424DBDB9,7,2.91,V
2025-07-31 09:39:52,0013A200424DBDB9,0,62.26,A
2025-07-31 09:39:52,0013A200424DBDB9,1,21.29,A
2025-07-31 09:39:53,0013A200424DBDB9,7,2.91,V
2025-07-31 09:40:57,0013A200424DBDB9,0,62.1,A
2025-07-31 09:40:58,0013A200424DBDB9,1,21.16,A
2025-07-31 09:40:58,0013A200424DBDB9,7,2.92,V
2025-07-31 09:42:02,0013A200424DBDB9,0,61.94,A
2025-07-31 09:42:02,0013A200424DBDB9,1,21.16,A
2025-07-31 09:42:03,0013A200424DBDB9,7,2.92,V
2025-07-31 09:43:07,0013A200424DBDB9,0,62.1,A
2025-07-31 09:43:07,0013A200424DBDB9,1,21.16,A
2025-07-31 09:43:08,0013A200424DBDB9,7,2.92,V
2025-07-31 09:44:12,0013A200424DBDB9,0,62.1,A
2025-07-31 09:44:12,0013A200424DBDB9,1,21.22,A
2025-07-31 09:44:13,0013A200424DBDB9,7,2.91,V
2025-07-31 09:45:17,0013A200424DBDB9,0,62.26,A
2025-07-31 09:45:17,0013A200424DBDB9,1,21.35,A
2025-07-31 09:45:17,0013A200424DBDB9,7,2.91,V
2025-07-31 09:46:22,0013A200424DBDB9,0,60.97,A
2025-07-31 09:46:22,0013A200424DBDB9,1,20.58,A
2025-07-31 09:46:22,0013A200424DBDB9,7,2.91,V
2025-07-31 09:47:27,0013A200424DBDB9,0,62.1,A
2025-07-31 09:47:27,0013A200424DBDB9,1,21.16,A
2025-07-31 09:47:27,0013A200424DBDB9,7,2.92,V
2025-07-31 09:48:32,0013A200424DBDB9,0,60.65,A
2025-07-31 09:48:32,0013A200424DBDB9,1,20.51,A
2025-07-31 09:48:32,0013A200424DBDB9,7,2.91,V
2025-07-31 09:49:37,0013A200424DBDB9,0,61.94,A
2025-07-31 09:49:37,0013A200424DBDB9,1,21.16,A
2025-07-31 09:49:37,0013A200424DBDB9,7,2.92,V
2025-07-31 09:55:01,0013A200424DBDB9,0,60.81,A
2025-07-31 09:55:02,0013A200424DBDB9,1,20.58,A
2025-07-31 09:55:02,0013A200424DBDB9,7,2.91,V
2025-07-31 09:56:06,0013A200424DBDB9,0,61.29,A
2025-07-31 09:56:06,0013A200424DBDB9,1,20.77,A
2025-07-31 09:56:07,0013A200424DBDB9,7,2.92,V
2025-07-31 09:57:11,0013A200424DBDB9,0,60.97,A
2025-07-31 09:57:11,0013A200424DBDB9,1,20.64,A
2025-07-31 09:57:12,0013A200424DBDB9,7,2.92,V
2025-07-31 09:58:16,0013A200424DBDB9,0,61.61,A
2025-07-31 09:58:16,0013A200424DBDB9,1,20.97,A
2025-07-31 09:58:16,0013A200424DBDB9,7,2.92,V
2025-07-31 09:59:21,0013A200424DBDB9,0,61.94,A
2025-07-31 09:59:21,0013A200424DBDB9,1,21.16,A
2025-07-31 09:59:21,0013A200424DBDB9,7,2.91,V
2025-07-31 10:00:26,0013A200424DBDB9,0,61.94,A
2025-07-31 10:00:26,0013A200424DBDB9,1,21.16,A
2025-07-31 10:00:26,0013A200424DBDB9,7,2.91,V
2025-07-31 10:01:31,0013A200424DBDB9,0,62.1,A
2025-07-31 10:01:31,0013A200424DBDB9,1,21.16,A
2025-07-31 10:01:31,0013A200424DBDB9,7,2.92,V
2025-07-31 10:02:36,0013A200424DBDB9,0,62.74,A
2025-07-31 10:02:36,0013A200424DBDB9,1,21.48,A
2025-07-31 10:02:36,0013A200424DBDB9,7,2.92,V
2025-07-31 10:04:46,0013A200424DBDB9,0,60.81,A
2025-07-31 10:04:46,0013A200424DBDB9,1,20.45,A
2025-07-31 10:04:46,0013A200424DBDB9,7,2.92,V
2025-07-31 10:05:51,0013A200424DBDB9,0,61.29,A
2025-07-31 10:05:51,0013A200424DBDB9,1,20.71,A
2025-07-31 10:05:51,0013A200424DBDB9,7,2.92,V
2025-07-31 10:06:55,0013A200424DBDB9,0,61.61,A
2025-07-31 10:06:56,0013A200424DBDB9,1,21.09,A
2025-07-31 10:06:56,0013A200424DBDB9,7,2.91,V
2025-07-31 10:08:00,0013A200424DBDB9,0,61.61,A
2025-07-31 10:08:01,0013A200424DBDB9,1,20.9,A
2025-07-31 10:08:01,0013A200424DBDB9,7,2.91,V
2025-07-31 10:09:05,0013A200424DBDB9,0,61.77,A
2025-07-31 10:09:05,0013A200424DBDB9,1,20.97,A
2025-07-31 10:09:06,0013A200424DBDB9,7,2.92,V
2025-07-31 10:10:10,0013A200424DBDB9,0,61.29,A
2025-07-31 10:10:10,0013A200424DBDB9,1,20.9,A
2025-07-31 10:10:10,0013A200424DBDB9,7,2.91,V
2025-07-31 10:11:15,0013A200424DBDB9,0,60.81,A
2025-07-31 10:11:15,0013A200424DBDB9,1,20.51,A
2025-07-31 10:11:15,0013A200424DBDB9,7,2.91,V
2025-07-31 10:12:20,0013A200424DBDB9,0,61.13,A
2025-07-31 10:12:20,0013A200424DBDB9,1,20.64,A
2025-07-31 10:12:20,0013A200424DBDB9,7,2.92,V
2025-07-31 10:13:25,0013A200424DBDB9,0,61.77,A
2025-07-31 10:13:25,0013A200424DBDB9,1,21.03,A
2025-07-31 10:13:25,0013A200424DBDB9,7,2.92,V
2025-07-31 10:14:30,0013A200424DBDB9,0,60.65,A
2025-07-31 10:14:30,0013A200424DBDB9,1,20.39,A
2025-07-31 10:14:30,0013A200424DBDB9,7,2.91,V
2025-07-31 10:15:35,0013A200424DBDB9,0,60.81,A
2025-07-31 10:15:35,0013A200424DBDB9,1,20.45,A
2025-07-31 10:15:35,0013A200424DBDB9,7,2.92,V
2025-07-31 10:16:40,0013A200424DBDB9,0,62.1,A
2025-07-31 10:16:40,0013A200424DBDB9,1,21.16,A
2025-07-31 10:16:40,0013A200424DBDB9,7,2.92,V
2025-07-31 10:17:45,0013A200424DBDB9,0,61.45,A
2025-07-31 10:17:45,0013A200424DBDB9,1,20.9,A
2025-07-31 10:17:45,0013A200424DBDB9,7,2.91,V
2025-07-31 10:20:59,0013A200424DBDB9,0,61.13,A
2025-07-31 10:21:00,0013A200424DBDB9,1,20.64,A
2025-07-31 10:21:00,0013A200424DBDB9,7,2.92,V
2025-07-31 10:22:04,0013A200424DBDB9,0,61.61,A
2025-07-31 10:22:05,0013A200424DBDB9,1,20.84,A
2025-07-31 10:22:05,0013A200424DBDB9,7,2.92,V
2025-07-31 10:23:09,0013A200424DBDB9,0,60.32,A
2025-07-31 10:23:09,0013A200424DBDB9,1,20.13,A
2025-07-31 10:23:10,0013A200424DBDB9,7,2.91,V
2025-07-31 10:24:14,0013A200424DBDB9,0,61.77,A
2025-07-31 10:24:14,0013A200424DBDB9,1,20.9,A
2025-07-31 10:24:14,0013A200424DBDB9,7,2.91,V
2025-07-31 10:25:19,0013A200424DBDB9,0,60.48,A
2025-07-31 10:25:19,0013A200424DBDB9,1,20.19,A
2025-07-31 10:25:19,0013A200424DBDB9,7,2.91,V
2025-07-31 10:26:24,0013A200424DBDB9,0,61.94,A
2025-07-31 10:26:24,0013A200424DBDB9,1,21.03,A
2025-07-31 10:26:24,0013A200424DBDB9,7,2.92,V
2025-07-31 10:27:29,0013A200424DBDB9,0,60.32,A
2025-07-31 10:27:29,0013A200424DBDB9,1,20.19,A
2025-07-31 10:27:29,0013A200424DBDB9,7,2.92,V
2025-07-31 10:28:34,0013A200424DBDB9,0,60.48,A
2025-07-31 10:28:34,0013A200424DBDB9,1,20.19,A
2025-07-31 10:28:34,0013A200424DBDB9,7,2.92,V
2025-07-31 10:29:39,0013A200424DBDB9,0,60.32,A
2025-07-31 10:29:39,0013A200424DBDB9,1,20.13,A
2025-07-31 10:29:39,0013A200424DBDB9,7,2.91,V
2025-07-31 10:30:44,0013A200424DBDB9,0,61.29,A
2025-07-31 10:30:44,0013A200424DBDB9,1,20.64,A
2025-07-31 10:30:44,0013A200424DBDB9,7,2.91,V
2025-07-31 10:31:49,0013A200424DBDB9,0,61.13,A
2025-07-31 10:31:49,0013A200424DBDB9,1,20.58,A
2025-07-31 10:31:49,0013A200424DBDB9,7,2.91,V
2025-07-31 10:32:54,0013A200424DBDB9,0,61.77,A
2025-07-31 10:32:54,0013A200424DBDB9,1,20.97,A
2025-07-31 10:32:54,0013A200424DBDB9,7,2.91,V
2025-07-31 10:33:59,0013A200424DBDB9,0,61.77,A
2025-07-31 10:33:59,0013A200424DBDB9,1,20.9,A
2025-07-31 10:33:59,0013A200424DBDB9,7,2.91,V
2025-07-31 10:35:04,0013A200424DBDB9,0,61.61,A
2025-07-31 10:35:04,0013A200424DBDB9,1,20.84,A
2025-07-31 10:35:04,0013A200424DBDB9,7,2.92,V
2025-07-31 10:36:08,0013A200424DBDB9,0,60.48,A
2025-07-31 10:36:09,0013A200424DBDB9,1,20.26,A
2025-07-31 10:36:09,0013A200424DBDB9,7,2.91,V
2025-07-31 10:37:13,0013A200424DBDB9,0,60.48,A
2025-07-31 10:37:14,0013A200424DBDB9,1,20.19,A
2025-07-31 10:37:14,0013A200424DBDB9,7,2.92,V
2025-07-31 10:38:18,0013A200424DBDB9,0,61.94,A
2025-07-31 10:38:19,0013A200424DBDB9,1,21.03,A
2025-07-31 10:38:19,0013A200424DBDB9,7,2.91,V
2025-07-31 10:39:23,0013A200424DBDB9,0,60.32,A
2025-07-31 10:39:23,0013A200424DBDB9,1,20.13,A
2025-07-31 10:39:23,0013A200424DBDB9,7,2.91,V
2025-07-31 10:40:28,0013A200424DBDB9,0,60.65,A
2025-07-31 10:40:28,0013A200424DBDB9,1,20.32,A
2025-07-31 10:40:28,0013A200424DBDB9,7,2.92,V
2025-07-31 10:41:33,0013A200424DBDB9,0,61.13,A
2025-07-31 10:41:33,0013A200424DBDB9,1,20.64,A
2025-07-31 10:41:33,0013A200424DBDB9,7,2.92,V
2025-07-31 10:43:43,0013A200424DBDB9,0,61.29,A
2025-07-31 10:43:43,0013A200424DBDB9,1,20.64,A
2025-07-31 10:43:43,0013A200424DBDB9,7,2.92,V
2025-07-31 10:44:48,0013A200424DBDB9,0,60.65,A
2025-07-31 10:44:48,0013A200424DBDB9,1,20.39,A
2025-07-31 10:44:48,0013A200424DBDB9,7,2.91,V
2025-07-31 10:45:53,0013A200424DBDB9,0,61.61,A
2025-07-31 10:45:53,0013A200424DBDB9,1,20.84,A
2025-07-31 10:45:53,0013A200424DBDB9,7,2.91,V
2025-07-31 10:46:58,0013A200424DBDB9,0,61.45,A
2025-07-31 10:46:58,0013A200424DBDB9,1,20.71,A
2025-07-31 10:46:58,0013A200424DBDB9,7,2.92,V
2025-07-31 10:52:22,0013A200424DBDB9,0,60.65,A
2025-07-31 10:52:23,0013A200424DBDB9,1,20.26,A
2025-07-31 10:52:23,0013A200424DBDB9,7,2.91,V
2025-07-31 10:55:37,0013A200424DBDB9,0,61.77,A
2025-07-31 10:55:37,0013A200424DBDB9,1,20.97,A
2025-07-31 10:55:38,0013A200424DBDB9,7,2.92,V
2025-07-31 10:56:42,0013A200424DBDB9,0,61.13,A
2025-07-31 10:56:42,0013A200424DBDB9,1,20.58,A
2025-07-31 10:56:42,0013A200424DBDB9,7,2.92,V
2025-07-31 10:57:47,0013A200424DBDB9,0,61.13,A
2025-07-31 10:57:47,0013A200424DBDB9,1,20.77,A
2025-07-31 10:57:47,0013A200424DBDB9,7,2.92,V
2025-07-31 10:59:57,0013A200424DBDB9,0,61.94,A
2025-07-31 10:59:57,0013A200424DBDB9,1,20.97,A
2025-07-31 10:59:57,0013A200424DBDB9,7,2.91,V
2025-07-31 11:01:02,0013A200424DBDB9,0,60.97,A
2025-07-31 11:01:02,0013A200424DBDB9,1,20.51,A
2025-07-31 11:01:02,0013A200424DBDB9,7,2.92,V
2025-07-31 11:03:12,0013A200424DBDB9,0,60.32,A
2025-07-31 11:03:12,0013A200424DBDB9,1,20.13,A
2025-07-31 11:03:12,0013A200424DBDB9,7,2.91,V
2025-07-31 11:04:17,0013A200424DBDB9,0,61.61,A
2025-07-31 11:04:17,0013A200424DBDB9,1,20.77,A
2025-07-31 11:04:17,0013A200424DBDB9,7,2.92,V
2025-07-31 11:05:22,0013A200424DBDB9,0,61.45,A
2025-07-31 11:05:22,0013A200424DBDB9,1,20.77,A
2025-07-31 11:05:22,0013A200424DBDB9,7,2.92,V
2025-07-31 11:06:27,0013A200424DBDB9,0,61.77,A
2025-07-31 11:06:27,0013A200424DBDB9,1,20.9,A
2025-07-31 11:06:27,0013A200424DBDB9,7,2.92,V
2025-07-31 11:07:31,0013A200424DBDB9,0,61.77,A
2025-07-31 11:07:32,0013A200424DBDB9,1,20.9,A
2025-07-31 11:07:32,0013A200424DBDB9,7,2.92,V
2025-07-31 11:08:36,0013A200424DBDB9,0,61.94,A
2025-07-31 11:08:37,0013A200424DBDB9,1,20.97,A
2025-07-31 11:08:37,0013A200424DBDB9,7,2.92,V
2025-07-31 11:09:41,0013A200424DBDB9,0,60.81,A
2025-07-31 11:09:41,0013A200424DBDB9,1,20.39,A
2025-07-31 11:09:42,0013A200424DBDB9,7,2.91,V
2025-07-31 11:10:46,0013A200424DBDB9,0,61.77,A
2025-07-31 11:10:46,0013A200424DBDB9,1,20.9,A
2025-07-31 11:10:47,0013A200424DBDB9,7,2.91,V
2025-07-31 11:11:51,0013A200424DBDB9,0,61.94,A
2025-07-31 11:11:51,0013A200424DBDB9,1,20.9,A
2025-07-31 11:11:51,0013A200424DBDB9,7,2.92,V
2025-07-31 11:17:16,0013A200424DBDB9,0,60.81,A
2025-07-31 11:17:16,0013A200424DBDB9,1,20.32,A
2025-07-31 11:17:16,0013A200424DBDB9,7,2.92,V
2025-07-31 11:18:21,0013A200424DBDB9,0,61.94,A
2025-07-31 11:18:21,0013A200424DBDB9,1,20.97,A
2025-07-31 11:18:21,0013A200424DBDB9,7,2.92,V
2025-07-31 11:20:31,0013A200424DBDB9,0,61.77,A
2025-07-31 11:20:31,0013A200424DBDB9,1,20.9,A
2025-07-31 11:20:31,0013A200424DBDB9,7,2.92,V
2025-07-31 11:21:36,0013A200424DBDB9,0,60.97,A
2025-07-31 11:21:36,0013A200424DBDB9,1,20.51,A
2025-07-31 11:21:36,0013A200424DBDB9,7,2.91,V
2025-07-31 11:22:41,0013A200424DBDB9,0,61.45,A
2025-07-31 11:22:41,0013A200424DBDB9,1,20.71,A
2025-07-31 11:22:41,0013A200424DBDB9,7,2.92,V
2025-07-31 11:23:46,0013A200424DBDB9,0,61.61,A
2025-07-31 11:23:46,0013A200424DBDB9,1,20.84,A
2025-07-31 11:23:46,0013A200424DBDB9,7,2.92,V
2025-07-31 11:24:50,0013A200424DBDB9,0,60.81,A
2025-07-31 11:24:51,0013A200424DBDB9,1,20.39,A
2025-07-31 11:24:51,0013A200424DBDB9,7,2.92,V
2025-07-31 11:25:55,0013A200424DBDB9,0,61.29,A
2025-07-31 11:25:56,0013A200424DBDB9,1,20.71,A
2025-07-31 11:25:56,0013A200424DBDB9,7,2.92,V
2025-07-31 11:40:00,0013A200424DBDB9,0,61.61,A
2025-07-31 11:40:00,0013A200424DBDB9,1,20.84,A
2025-07-31 11:40:00,0013A200424DBDB9,7,2.91,V
2025-07-31 11:41:05,0013A200424DBDB9,0,59.35,A
2025-07-31 11:41:05,0013A200424DBDB9,1,19.8,A
2025-07-31 11:41:05,0013A200424DBDB9,7,2.91,V
2025-07-31 11:46:29,0013A200424DBDB9,0,61.45,A
2025-07-31 11:46:29,0013A200424DBDB9,1,20.71,A
2025-07-31 11:46:30,0013A200424DBDB9,7,2.94,V
2025-07-31 11:47:34,0013A200424DBDB9,0,60.48,A
2025-07-31 11:47:34,0013A200424DBDB9,1,20.19,A
2025-07-31 11:47:34,0013A200424DBDB9,7,2.91,V
2025-07-31 11:48:39,0013A200424DBDB9,0,60.32,A
2025-07-31 11:48:39,0013A200424DBDB9,1,20.06,A
2025-07-31 11:48:39,0013A200424DBDB9,7,2.92,V
2025-07-31 11:49:44,0013A200424DBDB9,0,61.77,A
2025-07-31 11:49:44,0013A200424DBDB9,1,20.9,A
2025-07-31 11:49:44,0013A200424DBDB9,7,2.92,V
2025-07-31 11:50:49,0013A200424DBDB9,0,60.97,A
2025-07-31 11:50:49,0013A200424DBDB9,1,20.51,A
2025-07-31 11:50:49,0013A200424DBDB9,7,2.92,V
2025-07-31 11:51:54,0013A200424DBDB9,0,61.94,A
2025-07-31 11:51:54,0013A200424DBDB9,1,20.97,A
2025-07-31 11:51:54,0013A200424DBDB9,7,2.92,V
2025-07-31 11:52:59,0013A200424DBDB9,0,61.77,A
2025-07-31 11:52:59,0013A200424DBDB9,1,20.9,A
2025-07-31 11:52:59,0013A200424DBDB9,7,2.91,V
2025-07-31 11:54:04,0013A200424DBDB9,0,61.94,A
2025-07-31 11:54:04,0013A200424DBDB9,1,20.9,A
2025-07-31 11:54:04,0013A200424DBDB9,7,2.92,V
2025-07-31 11:55:09,0013A200424DBDB9,0,61.61,A
2025-07-31 11:55:09,0013A200424DBDB9,1,20.84,A
2025-07-31 11:55:09,0013A200424DBDB9,7,2.92,V
2025-07-31 11:56:14,0013A200424DBDB9,0,61.61,A
2025-07-31 11:56:14,0013A200424DBDB9,1,20.77,A
2025-07-31 11:56:14,0013A200424DBDB9,7,2.92,V
2025-07-31 11:57:19,0013A200424DBDB9,0,60.81,A
2025-07-31 11:57:19,0013A200424DBDB9,1,20.39,A
2025-07-31 11:57:19,0013A200424DBDB9,7,2.91,V
2025-07-31 11:59:28,0013A200424DBDB9,0,60.65,A
2025-07-31 11:59:29,0013A200424DBDB9,1,20.26,A
2025-07-31 11:59:29,0013A200424DBDB9,7,2.92,V
2025-07-31 12:14:25,0013A200424DBDB9,0,61.61,A
2025-07-31 12:14:25,0013A200424DBDB9,1,20.77,A
2025-07-31 12:14:25,0013A200424DBDB9,7,2.91,V
2025-07-31 12:14:26,0013A200424DBDB9,0,61.45,A
2025-07-31 12:14:26,0013A200424DBDB9,1,20.77,A
2025-07-31 12:14:26,0013A200424DBDB9,7,2.91,V
2025-07-31 12:14:26,0013A200424DBDB9,0,61.77,A
2025-07-31 12:14:26,0013A200424DBDB9,1,20.9,A
2025-07-31 12:14:26,0013A200424DBDB9,7,2.92,V
2025-07-31 13:03:39,0013A200424DBDB9,0,61.77,A
2025-07-31 13:03:39,0013A200424DBDB9,1,20.9,A
2025-07-31 13:03:39,0013A200424DBDB9,7,2.91,V
2025-07-31 13:03:39,0013A200424DBDB9,0,60.65,A
2025-07-31 13:03:39,0013A200424DBDB9,1,20.32,A
2025-07-31 13:03:39,0013A200424DBDB9,7,2.91,V
2025-07-31 13:03:39,0013A200424DBDB9,0,60.0,A
2025-07-31 13:03:40,0013A200424DBDB9,1,20.13,A
2025-07-31 13:03:40,0013A200424DBDB9,7,2.92,V
2025-07-31 13:03:40,0013A200424DBDB9,0,60.97,A
2025-07-31 13:03:40,0013A200424DBDB9,1,20.71,A
2025-07-31 13:03:40,0013A200424DBDB9,7,2.91,V
2025-07-31 13:03:40,0013A200424DBDB9,0,60.81,A
2025-07-31 13:03:40,0013A200424DBDB9,1,20.32,A
2025-07-31 13:03:40,0013A200424DBDB9,7,2.91,V
2025-07-31 13:03:40,0013A200424DBDB9,0,60.16,A
2025-07-31 13:03:41,0013A200424DBDB9,1,20.19,A
2025-07-31 13:03:41,0013A200424DBDB9,7,2.92,V
2025-07-31 13:03:41,0013A200424DBDB9,0,60.81,A
2025-07-31 13:03:41,0013A200424DBDB9,1,20.39,A
2025-07-31 13:03:41,0013A200424DBDB9,7,2.92,V
2025-07-31 13:03:41,0013A200424DBDB9,0,61.29,A
2025-07-31 13:03:41,0013A200424DBDB9,1,20.58,A
2025-07-31 13:03:41,0013A200424DBDB9,7,2.92,V
2025-07-31 13:03:41,0013A200424DBDB9,0,61.77,A
2025-07-31 13:03:42,0013A200424DBDB9,1,20.9,A
2025-07-31 13:03:42,0013A200424DBDB9,7,2.92,V
2025-07-31 13:03:42,0013A200424DBDB9,0,61.61,A
2025-07-31 13:03:42,0013A200424DBDB9,1,20.84,A
2025-07-31 13:03:42,0013A200424DBDB9,7,2.92,V
2025-07-31 13:03:51,0013A200424DBDB9,0,60.81,A
2025-07-31 13:03:51,0013A200424DBDB9,1,20.39,A
2025-07-31 13:03:51,0013A200424DBDB9,7,2.92,V
2025-07-31 13:05:06,0013A200424DBDB9,0,61.45,A
2025-07-31 13:05:06,0013A200424DBDB9,1,20.77,A
2025-07-31 13:05:07,0013A200424DBDB9,7,2.91,V
2025-07-31 13:06:11,0013A200424DBDB9,0,60.48,A
2025-07-31 13:06:11,0013A200424DBDB9,1,20.19,A
2025-07-31 13:06:11,0013A200424DBDB9,7,2.91,V
2025-07-31 13:11:36,0013A200424DBDB9,0,60.32,A
2025-07-31 13:11:36,0013A200424DBDB9,1,20.26,A
2025-07-31 13:11:36,0013A200424DBDB9,7,2.92,V
2025-07-31 13:15:56,0013A200424DBDB9,0,60.97,A
2025-07-31 13:15:56,0013A200424DBDB9,1,20.39,A
2025-07-31 13:15:56,0013A200424DBDB9,7,2.92,V
2025-07-31 13:17:01,0013A200424DBDB9,0,61.77,A
2025-07-31 13:17:01,0013A200424DBDB9,1,20.9,A
2025-07-31 13:17:01,0013A200424DBDB9,7,2.91,V
2025-07-31 13:18:06,0013A200424DBDB9,0,60.65,A
2025-07-31 13:18:06,0013A200424DBDB9,1,20.26,A
2025-07-31 13:18:06,0013A200424DBDB9,7,2.92,V
2025-07-31 13:19:11,0013A200424DBDB9,0,61.13,A
2025-07-31 13:19:11,0013A200424DBDB9,1,20.51,A
2025-07-31 13:19:11,0013A200424DBDB9,7,2.91,V
2025-07-31 13:20:15,0013A200424DBDB9,0,61.45,A
2025-07-31 13:20:16,0013A200424DBDB9,1,20.77,A
2025-07-31 13:20:16,0013A200424DBDB9,7,2.92,V
2025-07-31 13:21:20,0013A200424DBDB9,0,61.61,A
2025-07-31 13:21:20,0013A200424DBDB9,1,20.77,A
2025-07-31 13:21:21,0013A200424DBDB9,7,2.91,V
2025-07-31 13:32:10,0013A200424DBDB9,0,61.61,A
2025-07-31 13:32:10,0013A200424DBDB9,1,20.77,A
2025-07-31 13:32:10,0013A200424DBDB9,7,2.92,V
2025-07-31 13:33:15,0013A200424DBDB9,0,60.32,A
2025-07-31 13:33:15,0013A200424DBDB9,1,20.13,A
2025-07-31 13:33:15,0013A200424DBDB9,7,2.92,V
2025-07-31 13:34:20,0013A200424DBDB9,0,61.45,A
2025-07-31 13:34:20,0013A200424DBDB9,1,20.64,A
2025-07-31 13:34:20,0013A200424DBDB9,7,2.92,V
2025-07-31 13:35:24,0013A200424DBDB9,0,61.13,A
2025-07-31 13:35:25,0013A200424DBDB9,1,20.45,A
2025-07-31 13:35:25,0013A200424DBDB9,7,2.92,V
2025-07-31 13:36:29,0013A200424DBDB9,0,60.32,A
2025-07-31 13:36:30,0013A200424DBDB9,1,20.13,A
2025-07-31 13:36:30,0013A200424DBDB9,7,2.91,V
2025-07-31 13:37:34,0013A200424DBDB9,0,61.13,A
2025-07-31 13:37:34,0013A200424DBDB9,1,20.51,A
2025-07-31 13:37:35,0013A200424DBDB9,7,2.92,V
2025-07-31 13:53:48,0013A200424DBDB9,0,60.32,A
2025-07-31 13:53:49,0013A200424DBDB9,1,20.06,A
2025-07-31 13:53:49,0013A200424DBDB9,7,2.92,V
2025-07-31 13:54:53,0013A200424DBDB9,0,61.29,A
2025-07-31 13:54:54,0013A200424DBDB9,1,20.58,A
2025-07-31 13:54:54,0013A200424DBDB9,7,2.92,V
2025-07-31 13:55:58,0013A200424DBDB9,0,61.13,A
2025-07-31 13:55:58,0013A200424DBDB9,1,20.45,A
2025-07-31 13:55:59,0013A200424DBDB9,7,2.92,V
2025-07-31 13:57:03,0013A200424DBDB9,0,60.81,A
2025-07-31 13:57:03,0013A200424DBDB9,1,20.51,A
2025-07-31 13:57:04,0013A200424DBDB9,7,2.91,V
2025-07-31 13:58:08,0013A200424DBDB9,0,60.65,A
2025-07-31 13:58:08,0013A200424DBDB9,1,20.26,A
2025-07-31 13:58:08,0013A200424DBDB9,7,2.92,V
2025-07-31 13:59:13,0013A200424DBDB9,0,61.13,A
2025-07-31 13:59:13,0013A200424DBDB9,1,20.45,A
2025-07-31 13:59:13,0013A200424DBDB9,7,2.92,V
2025-07-31 14:00:18,0013A200424DBDB9,0,60.97,A
2025-07-31 14:00:18,0013A200424DBDB9,1,20.51,A
2025-07-31 14:00:18,0013A200424DBDB9,7,2.92,V
2025-07-31 14:01:23,0013A200424DBDB9,0,61.45,A
2025-07-31 14:01:23,0013A200424DBDB9,1,20.64,A
2025-07-31 14:01:23,0013A200424DBDB9,7,2.92,V
2025-07-31 14:02:28,0013A200424DBDB9,0,61.13,A
2025-07-31 14:02:28,0013A200424DBDB9,1,20.58,A
2025-07-31 14:02:28,0013A200424DBDB9,7,2.92,V
2025-07-31 14:03:33,0013A200424DBDB9,0,60.32,A
2025-07-31 14:03:33,0013A200424DBDB9,1,20.06,A
2025-07-31 14:03:33,0013A200424DBDB9,7,2.92,V
2025-07-31 14:04:38,0013A200424DBDB9,0,60.32,A
2025-07-31 14:04:38,0013A200424DBDB9,1,20.26,A
2025-07-31 14:04:38,0013A200424DBDB9,7,2.92,V
2025-07-31 14:05:43,0013A200424DBDB9,0,61.61,A
2025-07-31 14:05:43,0013A200424DBDB9,1,20.71,A
2025-07-31 14:05:43,0013A200424DBDB9,7,2.92,V
2025-07-31 14:06:48,0013A200424DBDB9,0,61.45,A
2025-07-31 14:06:48,0013A200424DBDB9,1,20.64,A
2025-07-31 14:06:48,0013A200424DBDB9,7,2.92,V
2025-07-31 14:07:53,0013A200424DBDB9,0,61.61,A
2025-07-31 14:07:53,0013A200424DBDB9,1,20.71,A
2025-07-31 14:07:53,0013A200424DBDB9,7,2.92,V
2025-07-31 14:08:58,0013A200424DBDB9,0,60.65,A
2025-07-31 14:08:58,0013A200424DBDB9,1,20.26,A
2025-07-31 14:08:58,0013A200424DBDB9,7,2.92,V
2025-07-31 14:10:03,0013A200424DBDB9,0,60.97,A
2025-07-31 14:10:03,0013A200424DBDB9,1,20.45,A
2025-07-31 14:10:03,0013A200424DBDB9,7,2.91,V
2025-07-31 14:11:08,0013A200424DBDB9,0,60.16,A
2025-07-31 14:11:08,0013A200424DBDB9,1,20.0,A
2025-07-31 14:11:08,0013A200424DBDB9,7,2.91,V
2025-07-31 14:12:13,0013A200424DBDB9,0,60.32,A
2025-07-31 14:12:13,0013A200424DBDB9,1,20.06,A
2025-07-31 14:12:13,0013A200424DBDB9,7,2.92,V
2025-07-31 14:13:17,0013A200424DBDB9,0,60.97,A
2025-07-31 14:13:18,0013A200424DBDB9,1,20.39,A
2025-07-31 14:13:18,0013A200424DBDB9,7,2.92,V
2025-07-31 14:14:22,0013A200424DBDB9,0,61.45,A
2025-07-31 14:14:23,0013A200424DBDB9,1,20.64,A
2025-07-31 14:14:23,0013A200424DBDB9,7,2.92,V
2025-07-31 14:15:27,0013A200424DBDB9,0,60.97,A
2025-07-31 14:15:27,0013A200424DBDB9,1,20.39,A
2025-07-31 14:15:28,0013A200424DBDB9,7,2.92,V
2025-07-31 14:16:32,0013A200424DBDB9,0,61.29,A
2025-07-31 14:16:32,0013A200424DBDB9,1,20.58,A
2025-07-31 14:16:33,0013A200424DBDB9,7,2.92,V
2025-07-31 14:17:37,0013A200424DBDB9,0,59.35,A
2025-07-31 14:17:37,0013A200424DBDB9,1,19.55,A
2025-07-31 14:17:38,0013A200424DBDB9,7,2.92,V
2025-07-31 14:18:42,0013A200424DBDB9,0,61.61,A
2025-07-31 14:18:42,0013A200424DBDB9,1,20.77,A
2025-07-31 14:18:42,0013A200424DBDB9,7,2.92,V
2025-07-31 14:19:47,0013A200424DBDB9,0,61.29,A
2025-07-31 14:19:47,0013A200424DBDB9,1,20.51,A
2025-07-31 14:19:47,0013A200424DBDB9,7,2.92,V
2025-07-31 14:20:52,0013A200424DBDB9,0,61.13,A
2025-07-31 14:20:52,0013A200424DBDB9,1,20.51,A
2025-07-31 14:20:52,0013A200424DBDB9,7,2.92,V
2025-07-31 14:21:57,0013A200424DBDB9,0,60.65,A
2025-07-31 14:21:57,0013A200424DBDB9,1,20.19,A
2025-07-31 14:21:57,0013A200424DBDB9,7,2.92,V
2025-07-31 14:23:02,0013A200424DBDB9,0,60.97,A
2025-07-31 14:23:02,0013A200424DBDB9,1,20.39,A
2025-07-31 14:23:02,0013A200424DBDB9,7,2.92,V
2025-07-31 14:24:07,0013A200424DBDB9,0,60.48,A
2025-07-31 14:24:07,0013A200424DBDB9,1,20.26,A
2025-07-31 14:24:07,0013A200424DBDB9,7,2.92,V
2025-07-31 14:25:12,0013A200424DBDB9,0,61.13,A
2025-07-31 14:25:12,0013A200424DBDB9,1,20.51,A
2025-07-31 14:25:12,0013A200424DBDB9,7,2.92,V
2025-07-31 14:26:17,0013A200424DBDB9,0,61.29,A
2025-07-31 14:26:17,0013A200424DBDB9,1,20.58,A
2025-07-31 14:26:17,0013A200424DBDB9,7,2.92,V
2025-07-31 14:27:22,0013A200424DBDB9,0,61.29,A
2025-07-31 14:27:22,0013A200424DBDB9,1,20.51,A
2025-07-31 14:27:22,0013A200424DBDB9,7,2.92,V
2025-07-31 14:28:27,0013A200424DBDB9,0,60.65,A
2025-07-31 14:28:27,0013A200424DBDB9,1,20.19,A
2025-07-31 14:28:27,0013A200424DBDB9,7,2.91,V
2025-07-31 14:29:32,0013A200424DBDB9,0,60.97,A
2025-07-31 14:29:32,0013A200424DBDB9,1,20.45,A
2025-07-31 14:29:32,0013A200424DBDB9,7,2.92,V
2025-07-31 14:38:11,0013A200424DBDB9,0,61.45,A
2025-07-31 14:38:11,0013A200424DBDB9,1,20.58,A
2025-07-31 14:38:11,0013A200424DBDB9,7,2.91,V
2025-07-31 14:39:16,0013A200424DBDB9,0,60.16,A
2025-07-31 14:39:16,0013A200424DBDB9,1,20.0,A
2025-07-31 14:39:16,0013A200424DBDB9,7,2.92,V
2025-07-31 14:40:21,0013A200424DBDB9,0,61.29,A
2025-07-31 14:40:21,0013A200424DBDB9,1,20.58,A
2025-07-31 14:40:21,0013A200424DBDB9,7,2.92,V
2025-07-31 14:41:26,0013A200424DBDB9,0,61.61,A
2025-07-31 14:41:26,0013A200424DBDB9,1,20.71,A
2025-07-31 14:41:26,0013A200424DBDB9,7,2.92,V
2025-07-31 14:42:31,0013A200424DBDB9,0,60.97,A
2025-07-31 14:42:31,0013A200424DBDB9,1,20.39,A
2025-07-31 14:42:31,0013A200424DBDB9,7,2.92,V
2025-07-31 14:46:51,0013A200424DBDB9,0,61.61,A
2025-07-31 14:46:51,0013A200424DBDB9,1,20.77,A
2025-07-31 14:46:51,0013A200424DBDB9,7,2.92,V
2025-07-31 14:52:16,0013A200424DBDB9,0,61.13,A
2025-07-31 14:52:16,0013A200424DBDB9,1,20.51,A
2025-07-31 14:52:16,0013A200424DBDB9,7,2.92,V
2025-07-31 14:53:21,0013A200424DBDB9,0,61.45,A
2025-07-31 14:53:21,0013A200424DBDB9,1,20.64,A
2025-07-31 14:53:21,0013A200424DBDB9,7,2.92,V
2025-07-31 14:55:30,0013A200424DBDB9,0,61.45,A
2025-07-31 14:55:31,0013A200424DBDB9,1,20.64,A
2025-07-31 14:55:31,0013A200424DBDB9,7,2.92,V
2025-07-31 14:57:40,0013A200424DBDB9,0,60.65,A
2025-07-31 14:57:40,0013A200424DBDB9,1,20.26,A
2025-07-31 14:57:41,0013A200424DBDB9,7,2.92,V
2025-07-31 14:58:45,0013A200424DBDB9,0,61.13,A
2025-07-31 14:58:45,0013A200424DBDB9,1,20.64,A
2025-07-31 14:58:45,0013A200424DBDB9,7,2.92,V
2025-07-31 15:00:55,0013A200424DBDB9,0,60.32,A
2025-07-31 15:00:55,0013A200424DBDB9,1,20.06,A
2025-07-31 15:00:55,0013A200424DBDB9,7,2.92,V
2025-07-31 15:02:00,0013A200424DBDB9,0,60.32,A
2025-07-31 15:02:00,0013A200424DBDB9,1,20.06,A
2025-07-31 15:02:00,0013A200424DBDB9,7,2.92,V
2025-07-31 15:03:05,0013A200424DBDB9,0,60.97,A
2025-07-31 15:03:05,0013A200424DBDB9,1,20.45,A
2025-07-31 15:03:05,0013A200424DBDB9,7,2.92,V
2025-07-31 15:04:10,0013A200424DBDB9,0,61.94,A
2025-07-31 15:04:10,0013A200424DBDB9,1,20.9,A
2025-07-31 15:04:10,0013A200424DBDB9,7,2.92,V
2025-07-31 15:05:15,0013A200424DBDB9,0,61.45,A
2025-07-31 15:05:15,0013A200424DBDB9,1,20.64,A
2025-07-31 15:05:15,0013A200424DBDB9,7,2.92,V
2025-07-31 15:06:20,0013A200424DBDB9,0,61.77,A
2025-07-31 15:06:20,0013A200424DBDB9,1,20.84,A
2025-07-31 15:06:20,0013A200424DBDB9,7,2.92,V
2025-07-31 15:07:25,0013A200424DBDB9,0,61.45,A
2025-07-31 15:07:25,0013A200424DBDB9,1,20.64,A
2025-07-31 15:07:25,0013A200424DBDB9,7,2.92,V
2025-07-31 15:08:30,0013A200424DBDB9,0,60.48,A
2025-07-31 15:08:30,0013A200424DBDB9,1,20.19,A
2025-07-31 15:08:30,0013A200424DBDB9,7,2.92,V
2025-07-31 15:09:35,0013A200424DBDB9,0,60.48,A
2025-07-31 15:09:35,0013A200424DBDB9,1,20.19,A
2025-07-31 15:09:35,0013A200424DBDB9,7,2.92,V
2025-07-31 15:10:40,0013A200424DBDB9,0,61.45,A
2025-07-31 15:10:40,0013A200424DBDB9,1,20.71,A
2025-07-31 15:10:40,0013A200424DBDB9,7,2.92,V
2025-07-31 15:16:04,0013A200424DBDB9,0,60.81,A
2025-07-31 15:16:04,0013A200424DBDB9,1,20.32,A
2025-07-31 15:16:05,0013A200424DBDB9,7,2.92,V
2025-07-31 15:17:09,0013A200424DBDB9,0,60.81,A
2025-07-31 15:17:09,0013A200424DBDB9,1,20.32,A
2025-07-31 15:17:10,0013A200424DBDB9,7,2.92,V
2025-07-31 15:27:59,0013A200424DBDB9,0,60.48,A
2025-07-31 15:27:59,0013A200424DBDB9,1,20.19,A
2025-07-31 15:27:59,0013A200424DBDB9,7,2.92,V
2025-07-31 15:29:04,0013A200424DBDB9,0,60.81,A
2025-07-31 15:29:04,0013A200424DBDB9,1,20.45,A
2025-07-31 15:29:04,0013A200424DBDB9,7,2.92,V
2025-07-31 15:30:09,0013A200424DBDB9,0,61.77,A
2025-07-31 15:30:09,0013A200424DBDB9,1,20.84,A
2025-07-31 15:30:09,0013A200424DBDB9,7,2.92,V
2025-07-31 15:31:14,0013A200424DBDB9,0,60.97,A
2025-07-31 15:31:14,0013A200424DBDB9,1,20.45,A
2025-07-31 15:31:14,0013A200424DBDB9,7,2.92,V
2025-07-31 15:35:33,0013A200424DBDB9,0,60.81,A
2025-07-31 15:35:34,0013A200424DBDB9,1,20.32,A
2025-07-31 15:35:34,0013A200424DBDB9,7,2.92,V
2025-07-31 15:36:38,0013A200424DBDB9,0,60.81,A
2025-07-31 15:36:39,0013A200424DBDB9,1,20.32,A
2025-07-31 15:36:39,0013A200424DBDB9,7,2.92,V
2025-07-31 15:37:43,0013A200424DBDB9,0,61.13,A
2025-07-31 15:37:43,0013A200424DBDB9,1,20.51,A
2025-07-31 15:37:44,0013A200424DBDB9,7,2.92,V
2025-07-31 15:38:48,0013A200424DBDB9,0,61.61,A
2025-07-31 15:38:48,0013A200424DBDB9,1,20.77,A
2025-07-31 15:38:48,0013A200424DBDB9,7,2.92,V
2025-07-31 15:39:53,0013A200424DBDB9,0,61.61,A
2025-07-31 15:39:53,0013A200424DBDB9,1,20.77,A
2025-07-31 15:39:53,0013A200424DBDB9,7,2.92,V
2025-07-31 15:40:58,0013A200424DBDB9,0,60.0,A
2025-07-31 15:40:58,0013A200424DBDB9,1,20.06,A
2025-07-31 15:40:58,0013A200424DBDB9,7,2.92,V
2025-07-31 15:42:03,0013A200424DBDB9,0,60.65,A
2025-07-31 15:42:03,0013A200424DBDB9,1,20.26,A
2025-07-31 15:42:03,0013A200424DBDB9,7,2.92,V
2025-07-31 15:43:08,0013A200424DBDB9,0,61.61,A
2025-07-31 15:43:08,0013A200424DBDB9,1,20.77,A
2025-07-31 15:43:08,0013A200424DBDB9,7,2.92,V
2025-07-31 15:44:13,0013A200424DBDB9,0,61.29,A
2025-07-31 15:44:13,0013A200424DBDB9,1,20.58,A
2025-07-31 15:44:13,0013A200424DBDB9,7,2.91,V
2025-07-31 15:45:18,0013A200424DBDB9,0,60.97,A
2025-07-31 15:45:18,0013A200424DBDB9,1,20.45,A
2025-07-31 15:45:18,0013A200424DBDB9,7,2.91,V
2025-07-31 15:46:23,0013A200424DBDB9,0,61.61,A
2025-07-31 15:46:23,0013A200424DBDB9,1,20.77,A
2025-07-31 15:46:23,0013A200424DBDB9,7,2.91,V
2025-07-31 15:47:28,0013A200424DBDB9,0,61.29,A
2025-07-31 15:47:28,0013A200424DBDB9,1,20.64,A
2025-07-31 15:47:28,0013A200424DBDB9,7,2.92,V
2025-07-31 15:48:33,0013A200424DBDB9,0,60.97,A
2025-07-31 15:48:33,0013A200424DBDB9,1,20.45,A
2025-07-31 15:48:33,0013A200424DBDB9,7,2.92,V
2025-07-31 15:49:38,0013A200424DBDB9,0,60.32,A
2025-07-31 15:49:38,0013A200424DBDB9,1,20.06,A
2025-07-31 15:49:38,0013A200424DBDB9,7,2.91,V
2025-07-31 15:50:43,0013A200424DBDB9,0,61.61,A
2025-07-31 15:50:43,0013A200424DBDB9,1,20.77,A
2025-07-31 15:50:43,0013A200424DBDB9,7,2.92,V
2025-07-31 15:51:48,0013A200424DBDB9,0,60.32,A
2025-07-31 15:51:48,0013A200424DBDB9,1,20.13,A
2025-07-31 15:51:48,0013A200424DBDB9,7,2.92,V
2025-07-31 15:52:53,0013A200424DBDB9,0,60.65,A
2025-07-31 15:52:53,0013A200424DBDB9,1,20.26,A
2025-07-31 15:52:53,0013A200424DBDB9,7,2.92,V
2025-07-31 15:53:57,0013A200424DBDB9,0,59.84,A
2025-07-31 15:53:58,0013A200424DBDB9,1,20.06,A
2025-07-31 15:53:58,0013A200424DBDB9,7,2.93,V
2025-07-31 15:55:02,0013A200424DBDB9,0,61.45,A
2025-07-31 15:55:03,0013A200424DBDB9,1,20.71,A
2025-07-31 15:55:03,0013A200424DBDB9,7,2.92,V
2025-07-31 15:56:07,0013A200424DBDB9,0,60.48,A
2025-07-31 15:56:07,0013A200424DBDB9,1,20.19,A
2025-07-31 15:56:08,0013A200424DBDB9,7,2.92,V
2025-07-31 15:57:12,0013A200424DBDB9,0,61.61,A
2025-07-31 15:57:12,0013A200424DBDB9,1,20.77,A
2025-07-31 15:57:13,0013A200424DBDB9,7,2.92,V
2025-07-31 15:58:17,0013A200424DBDB9,0,60.32,A
2025-07-31 15:58:17,0013A200424DBDB9,1,20.13,A
2025-07-31 15:58:17,0013A200424DBDB9,7,2.92,V
2025-07-31 15:59:22,0013A200424DBDB9,0,61.61,A
2025-07-31 15:59:22,0013A200424DBDB9,1,20.77,A
2025-07-31 15:59:22,0013A200424DBDB9,7,2.92,V
2025-07-31 16:00:27,0013A200424DBDB9,0,60.48,A
2025-07-31 16:00:27,0013A200424DBDB9,1,20.19,A
2025-07-31 16:00:27,0013A200424DBDB9,7,2.91,V
2025-07-31 16:01:32,0013A200424DBDB9,0,60.97,A
2025-07-31 16:01:32,0013A200424DBDB9,1,20.39,A
2025-07-31 16:01:32,0013A200424DBDB9,7,2.91,V
2025-07-31 16:02:37,0013A200424DBDB9,0,61.45,A
2025-07-31 16:02:37,0013A200424DBDB9,1,20.71,A
2025-07-31 16:02:37,0013A200424DBDB9,7,2.92,V
2025-07-31 16:03:42,0013A200424DBDB9,0,61.45,A
2025-07-31 16:03:42,0013A200424DBDB9,1,20.71,A
2025-07-31 16:03:42,0013A200424DBDB9,7,2.92,V
2025-07-31 16:04:47,0013A200424DBDB9,0,60.32,A
2025-07-31 16:04:47,0013A200424DBDB9,1,20.13,A
2025-07-31 16:04:47,0013A200424DBDB9,7,2.92,V
2025-07-31 16:05:52,0013A200424DBDB9,0,60.48,A
2025-07-31 16:05:52,0013A200424DBDB9,1,20.19,A
2025-07-31 16:05:52,0013A200424DBDB9,7,2.92,V
2025-07-31 16:06:57,0013A200424DBDB9,0,61.77,A
2025-07-31 16:06:57,0013A200424DBDB9,1,20.84,A
2025-07-31 16:06:57,0013A200424DBDB9,7,2.92,V
2025-07-31 16:08:02,0013A200424DBDB9,0,61.45,A
2025-07-31 16:08:02,0013A200424DBDB9,1,20.71,A
2025-07-31 16:08:02,0013A200424DBDB9,7,2.92,V
2025-07-31 16:09:07,0013A200424DBDB9,0,60.48,A
2025-07-31 16:09:07,0013A200424DBDB9,1,20.19,A
2025-07-31 16:09:07,0013A200424DBDB9,7,2.91,V
2025-07-31 16:10:12,0013A200424DBDB9,0,60.32,A
2025-07-31 16:10:12,0013A200424DBDB9,1,20.13,A
2025-07-31 16:10:12,0013A200424DBDB9,7,2.92,V
2025-07-31 16:11:17,0013A200424DBDB9,0,60.97,A
2025-07-31 16:11:17,0013A200424DBDB9,1,20.51,A
2025-07-31 16:11:17,0013A200424DBDB9,7,2.92,V
2025-07-31 16:12:22,0013A200424DBDB9,0,61.61,A
2025-07-31 16:12:22,0013A200424DBDB9,1,20.77,A
2025-07-31 16:12:22,0013A200424DBDB9,7,2.92,V
2025-07-31 16:13:26,0013A200424DBDB9,0,61.29,A
2025-07-31 16:13:27,0013A200424DBDB9,1,20.64,A
2025-07-31 16:13:27,0013A200424DBDB9,7,2.92,V
2025-07-31 16:14:31,0013A200424DBDB9,0,61.61,A
2025-07-31 16:14:32,0013A200424DBDB9,1,20.84,A
2025-07-31 16:14:32,0013A200424DBDB9,7,2.92,V
2025-07-31 16:15:36,0013A200424DBDB9,0,61.45,A
2025-07-31 16:15:36,0013A200424DBDB9,1,20.71,A
2025-07-31 16:15:37,0013A200424DBDB9,7,2.92,V
2025-07-31 16:16:41,0013A200424DBDB9,0,61.61,A
2025-07-31 16:16:41,0013A200424DBDB9,1,20.77,A
2025-07-31 16:16:42,0013A200424DBDB9,7,2.92,V
2025-07-31 16:17:46,0013A200424DBDB9,0,60.97,A
2025-07-31 16:17:46,0013A200424DBDB9,1,20.39,A
2025-07-31 16:17:47,0013A200424DBDB9,7,2.92,V
2025-07-31 16:18:51,0013A200424DBDB9,0,61.77,A
2025-07-31 16:18:51,0013A200424DBDB9,1,20.84,A
2025-07-31 16:18:51,0013A200424DBDB9,7,2.92,V
2025-07-31 16:19:56,0013A200424DBDB9,0,61.45,A
2025-07-31 16:19:56,0013A200424DBDB9,1,20.71,A
2025-07-31 16:19:56,0013A200424DBDB9,7,2.92,V
2025-07-31 16:22:06,0013A200424DBDB9,0,60.48,A
2025-07-31 16:22:06,0013A200424DBDB9,1,20.19,A
2025-07-31 16:22:06,0013A200424DBDB9,7,2.92,V
2025-07-31 16:23:11,0013A200424DBDB9,0,61.77,A
2025-07-31 16:23:11,0013A200424DBDB9,1,20.9,A
2025-07-31 16:23:11,0013A200424DBDB9,7,2.92,V
2025-07-31 16:24:16,0013A200424DBDB9,0,60.65,A
2025-07-31 16:24:16,0013A200424DBDB9,1,20.26,A
2025-07-31 16:24:16,0013A200424DBDB9,7,2.91,V
2025-07-31 16:25:21,0013A200424DBDB9,0,60.32,A
2025-07-31 16:25:21,0013A200424DBDB9,1,20.13,A
2025-07-31 16:25:21,0013A200424DBDB9,7,2.92,V
2025-07-31 16:26:26,0013A200424DBDB9,0,60.48,A
2025-07-31 16:26:26,0013A200424DBDB9,1,20.19,A
2025-07-31 16:26:26,0013A200424DBDB9,7,2.92,V
2025-07-31 16:27:31,0013A200424DBDB9,0,60.81,A
2025-07-31 16:27:31,0013A200424DBDB9,1,20.39,A
2025-07-31 16:27:31,0013A200424DBDB9,7,2.92,V
2025-07-31 16:28:36,0013A200424DBDB9,0,61.61,A
2025-07-31 16:28:36,0013A200424DBDB9,1,20.84,A
2025-07-31 16:28:36,0013A200424DBDB9,7,2.92,V
2025-07-31 16:30:46,0013A200424DBDB9,0,60.48,A
2025-07-31 16:30:46,0013A200424DBDB9,1,20.19,A
2025-07-31 16:30:46,0013A200424DBDB9,7,2.91,V
2025-07-31 16:31:51,0013A200424DBDB9,0,60.0,A
2025-07-31 16:31:51,0013A200424DBDB9,1,20.13,A
2025-07-31 16:31:51,0013A200424DBDB9,7,2.91,V
2025-07-31 16:32:55,0013A200424DBDB9,0,61.45,A
2025-07-31 16:32:56,0013A200424DBDB9,1,20.71,A
2025-07-31 16:32:56,0013A200424DBDB9,7,2.92,V
2025-07-31 16:34:00,0013A200424DBDB9,0,61.61,A
2025-07-31 16:34:01,0013A200424DBDB9,1,20.84,A
2025-07-31 16:34:01,0013A200424DBDB9,7,2.92,V
2025-07-31 16:35:05,0013A200424DBDB9,0,61.61,A
2025-07-31 16:35:05,0013A200424DBDB9,1,20.84,A
2025-07-31 16:35:06,0013A200424DBDB9,7,2.92,V
2025-07-31 16:36:10,0013A200424DBDB9,0,60.65,A
2025-07-31 16:36:10,0013A200424DBDB9,1,20.32,A
2025-07-31 16:36:11,0013A200424DBDB9,7,2.92,V
2025-07-31 16:37:15,0013A200424DBDB9,0,61.77,A
2025-07-31 16:37:15,0013A200424DBDB9,1,20.9,A
2025-07-31 16:37:15,0013A200424DBDB9,7,2.92,V
2025-07-31 16:41:35,0013A200424DBDB9,0,61.77,A
2025-07-31 16:41:35,0013A200424DBDB9,1,20.9,A
2025-07-31 16:41:35,0013A200424DBDB9,7,2.91,V
2025-07-31 16:43:45,0013A200424DBDB9,0,61.77,A
2025-07-31 16:43:45,0013A200424DBDB9,1,20.97,A
2025-07-31 16:43:45,0013A200424DBDB9,7,2.92,V
2025-07-31 16:44:50,0013A200424DBDB9,0,60.65,A
2025-07-31 16:44:50,0013A200424DBDB9,1,20.39,A
2025-07-31 16:44:50,0013A200424DBDB9,7,2.92,V
2025-07-31 16:45:55,0013A200424DBDB9,0,61.94,A
2025-07-31 16:45:55,0013A200424DBDB9,1,21.03,A
2025-07-31 16:45:55,0013A200424DBDB9,7,2.92,V
2025-07-31 16:47:00,0013A200424DBDB9,0,61.77,A
2025-07-31 16:47:00,0013A200424DBDB9,1,20.97,A
2025-07-31 16:47:00,0013A200424DBDB9,7,2.92,V
2025-07-31 16:48:05,0013A200424DBDB9,0,60.65,A
2025-07-31 16:48:05,0013A200424DBDB9,1,20.39,A
2025-07-31 16:48:05,0013A200424DBDB9,7,2.92,V
2025-07-31 16:49:10,0013A200424DBDB9,0,61.61,A
2025-07-31 16:49:10,0013A200424DBDB9,1,20.9,A
2025-07-31 16:49:10,0013A200424DBDB9,7,2.92,V
2025-07-31 16:50:14,0013A200424DBDB9,0,61.45,A
2025-07-31 16:50:15,0013A200424DBDB9,1,20.84,A
2025-07-31 16:50:15,0013A200424DBDB9,7,2.91,V
2025-07-31 16:51:19,0013A200424DBDB9,0,60.65,A
2025-07-31 16:51:20,0013A200424DBDB9,1,20.45,A
2025-07-31 16:51:20,0013A200424DBDB9,7,2.91,V
2025-07-31 16:52:24,0013A200424DBDB9,0,61.45,A
2025-07-31 16:52:24,0013A200424DBDB9,1,20.84,A
2025-07-31 16:52:25,0013A200424DBDB9,7,2.92,V
2025-07-31 16:53:29,0013A200424DBDB9,0,61.13,A
2025-07-31 16:53:29,0013A200424DBDB9,1,20.71,A
2025-07-31 16:53:29,0013A200424DBDB9,7,2.92,V
2025-07-31 16:54:34,0013A200424DBDB9,0,60.16,A
2025-07-31 16:54:34,0013A200424DBDB9,1,20.32,A
2025-07-31 16:54:34,0013A200424DBDB9,7,2.91,V
2025-07-31 16:55:39,0013A200424DBDB9,0,60.65,A
2025-07-31 16:55:39,0013A200424DBDB9,1,20.39,A
2025-07-31 16:55:39,0013A200424DBDB9,7,2.92,V
2025-07-31 16:56:44,0013A200424DBDB9,0,61.29,A
2025-07-31 16:56:44,0013A200424DBDB9,1,20.71,A
2025-07-31 16:56:44,0013A200424DBDB9,7,2.91,V
2025-07-31 16:57:49,0013A200424DBDB9,0,60.32,A
2025-07-31 16:57:49,0013A200424DBDB9,1,20.19,A
2025-07-31 16:57:49,0013A200424DBDB9,7,2.92,V
2025-07-31 16:58:54,0013A200424DBDB9,0,62.26,A
2025-07-31 16:58:54,0013A200424DBDB9,1,21.22,A
2025-07-31 16:58:54,0013A200424DBDB9,7,2.92,V
2025-07-31 16:59:59,0013A200424DBDB9,0,60.48,A
2025-07-31 16:59:59,0013A200424DBDB9,1,20.26,A
2025-07-31 16:59:59,0013A200424DBDB9,7,2.91,V
2025-07-31 17:01:04,0013A200424DBDB9,0,62.1,A
2025-07-31 17:01:04,0013A200424DBDB9,1,21.09,A
2025-07-31 17:01:04,0013A200424DBDB9,7,2.91,V
2025-07-31 17:02:09,0013A200424DBDB9,0,60.65,A
2025-07-31 17:02:09,0013A200424DBDB9,1,20.32,A
2025-07-31 17:02:09,0013A200424DBDB9,7,2.92,V
2025-07-31 17:03:14,0013A200424DBDB9,0,61.29,A
2025-07-31 17:03:14,0013A200424DBDB9,1,20.71,A
2025-07-31 17:03:14,0013A200424DBDB9,7,2.92,V
2025-07-31 17:04:19,0013A200424DBDB9,0,61.77,A
2025-07-31 17:04:19,0013A200424DBDB9,1,21.03,A
2025-07-31 17:04:19,0013A200424DBDB9,7,2.91,V
2025-07-31 17:05:23,0013A200424DBDB9,0,61.45,A
2025-07-31 17:05:24,0013A200424DBDB9,1,20.77,A
2025-07-31 17:05:24,0013A200424DBDB9,7,2.92,V
2025-07-31 17:06:28,0013A200424DBDB9,0,60.81,A
2025-07-31 17:06:29,0013A200424DBDB9,1,20.45,A
2025-07-31 17:06:29,0013A200424DBDB9,7,2.92,V
2025-07-31 17:07:33,0013A200424DBDB9,0,61.94,A
2025-07-31 17:07:33,0013A200424DBDB9,1,21.03,A
2025-07-31 17:07:34,0013A200424DBDB9,7,2.92,V
2025-07-31 17:08:38,0013A200424DBDB9,0,61.94,A
2025-07-31 17:08:38,0013A200424DBDB9,1,21.03,A
2025-07-31 17:08:39,0013A200424DBDB9,7,2.92,V
2025-07-31 17:09:43,0013A200424DBDB9,0,61.61,A
2025-07-31 17:09:43,0013A200424DBDB9,1,20.84,A
2025-07-31 17:09:43,0013A200424DBDB9,7,2.92,V
2025-07-31 17:10:48,0013A200424DBDB9,0,60.32,A
2025-07-31 17:10:48,0013A200424DBDB9,1,20.13,A
2025-07-31 17:10:48,0013A200424DBDB9,7,2.91,V
2025-07-31 17:11:53,0013A200424DBDB9,0,61.61,A
2025-07-31 17:11:53,0013A200424DBDB9,1,20.9,A
2025-07-31 17:11:53,0013A200424DBDB9,7,2.92,V
2025-07-31 17:12:58,0013A200424DBDB9,0,61.13,A
2025-07-31 17:12:58,0013A200424DBDB9,1,20.58,A
2025-07-31 17:12:58,0013A200424DBDB9,7,2.92,V
2025-07-31 17:14:03,0013A200424DBDB9,0,61.61,A
2025-07-31 17:14:03,0013A200424DBDB9,1,20.9,A
2025-07-31 17:14:03,0013A200424DBDB9,7,2.92,V
2025-07-31 17:15:08,0013A200424DBDB9,0,63.06,A
2025-07-31 17:15:08,0013A200424DBDB9,1,21.61,A
2025-07-31 17:15:08,0013A200424DBDB9,7,2.92,V
2025-07-31 17:16:13,0013A200424DBDB9,0,60.65,A
2025-07-31 17:16:13,0013A200424DBDB9,1,20.32,A
2025-07-31 17:16:13,0013A200424DBDB9,7,2.92,V
2025-07-31 17:28:07,0013A200424DBDB9,0,60.65,A
2025-07-31 17:28:07,0013A200424DBDB9,1,20.26,A
2025-07-31 17:28:08,0013A200424DBDB9,7,2.92,V
2025-07-31 17:29:12,0013A200424DBDB9,0,60.32,A
2025-07-31 17:29:12,0013A200424DBDB9,1,20.13,A
2025-07-31 17:29:12,0013A200424DBDB9,7,2.92,V
2025-07-31 17:30:17,0013A200424DBDB9,0,60.0,A
2025-07-31 17:30:17,0013A200424DBDB9,1,19.93,A
2025-07-31 17:30:17,0013A200424DBDB9,7,2.92,V
2025-07-31 17:31:22,0013A200424DBDB9,0,60.97,A
2025-07-31 17:31:22,0013A200424DBDB9,1,20.45,A
2025-07-31 17:31:22,0013A200424DBDB9,7,2.92,V
2025-07-31 17:32:27,0013A200424DBDB9,0,61.45,A
2025-07-31 17:32:27,0013A200424DBDB9,1,20.71,A
2025-07-31 17:32:27,0013A200424DBDB9,7,2.92,V
2025-07-31 17:33:32,0013A200424DBDB9,0,61.29,A
2025-07-31 17:33:32,0013A200424DBDB9,1,20.64,A
2025-07-31 17:33:32,0013A200424DBDB9,7,2.92,V
2025-07-31 17:34:37,0013A200424DBDB9,0,61.29,A
2025-07-31 17:34:37,0013A200424DBDB9,1,20.64,A
2025-07-31 17:34:37,0013A200424DBDB9,7,2.92,V
2025-07-31 17:35:42,0013A200424DBDB9,0,60.16,A
2025-07-31 17:35:42,0013A200424DBDB9,1,20.0,A
2025-07-31 17:35:42,0013A200424DBDB9,7,2.92,V
2025-07-31 17:36:47,0013A200424DBDB9,0,60.16,A
2025-07-31 17:36:47,0013A200424DBDB9,1,20.06,A
2025-07-31 17:36:47,0013A200424DBDB9,7,2.92,V
2025-07-31 17:37:52,0013A200424DBDB9,0,61.94,A
2025-07-31 17:37:52,0013A200424DBDB9,1,20.71,A
2025-07-31 17:37:52,0013A200424DBDB9,7,2.92,V
2025-07-31 17:52:52,0013A200424DBDB9,0,61.61,A
2025-07-31 17:52:53,0013A200424DBDB9,1,20.84,A
2025-07-31 17:52:53,0013A200424DBDB9,7,2.91,V
2025-07-31 17:52:53,0013A200424DBDB9,0,61.45,A
2025-07-31 17:52:53,0013A200424DBDB9,1,20.71,A
2025-07-31 17:52:53,0013A200424DBDB9,7,2.92,V
2025-07-31 17:52:53,0013A200424DBDB9,0,60.48,A
2025-07-31 17:52:53,0013A200424DBDB9,1,20.26,A
2025-07-31 17:52:53,0013A200424DBDB9,7,2.91,V
2025-07-31 17:52:53,0013A200424DBDB9,0,60.48,A
2025-07-31 17:52:54,0013A200424DBDB9,1,20.19,A
2025-07-31 17:52:54,0013A200424DBDB9,7,2.91,V
2025-07-31 17:52:54,0013A200424DBDB9,0,60.48,A
